title,author,url,tags
Sharing non-public data in Jupyter notebooks,PT,"https://medium.com/ibm-watson-data-lab/sharing-non-public-data-in-jupyter-notebooks-382d572a2a5b","Data Science,Jupyter Notebook,Data Security,Jupyter,Database"
Offline and radioactively clean,AC,"https://medium.com/ibm-watson-data-lab/offline-and-radioactively-clean-c71dc8d7e3b0","Physics,Science,Offline First,Offline Camp,Cloudant"
Mapping All the Things with Python,MG,"https://medium.com/ibm-watson-data-lab/mapping-all-the-things-with-python-1228187dc665","Data Science,Python,Pixiedust,Geodata,Programming Tools"
Citizen Scientist sees “Death Star” in SETI data set,AC,"https://medium.com/ibm-watson-data-lab/citizen-scientist-finds-death-star-in-seti-data-set-40633591b954","Astronomy,Data Science,Data Visualization,SETI"
Offline First: What’s in a name?,BH,"https://medium.com/ibm-watson-data-lab/offline-first-whats-in-a-name-89c410910694","Web Development,Mobile,Progressive Web App,Offline First"
Diff your databases with couchdiff,GB,"https://medium.com/ibm-watson-data-lab/diff-your-databases-with-couchdiff-f69943f9dc97","JavaScript,Couchdb,Cloudant,Nodejs,Web Development"
Simple data visualization in Apache CouchDB™,MB,"https://medium.com/ibm-watson-data-lab/simple-data-visualization-in-apache-couchdb-dd1e44dc05d4","Data Visualization,Couchdb,JavaScript,Web Development,Cloudant"
PouchDB: the Swiss Army Knife of databases,GB,"https://medium.com/ibm-watson-data-lab/pouchdb-the-swiss-army-knife-of-databases-c5429f3db21f","JavaScript,Web Development,Pouchdb,Couchdb,Offline First"
Share the (PixieDust) Magic,VB,"https://medium.com/ibm-watson-data-lab/share-the-pixiedust-magic-4684d9a96b89","Python,Data Science,Pixiedust,Jupyter,Data Visualization"
You Too Can Make Magic (in Jupyter Notebooks with PixieDust),VB,"https://medium.com/ibm-watson-data-lab/you-too-can-make-magic-in-jupyter-notebooks-with-pixiedust-505d20f4fd13","Data Science,Python,Pixiedust,Data Visualization,Jupyter"
Bridging the Gap Between Python and Scala Jupyter Notebooks,MM,"https://medium.com/ibm-watson-data-lab/bridging-the-gap-between-python-and-scala-jupyter-notebooks-2d254b0445e2","Data Science,Python,Pixiedust,Scala,Jupyter"
Simulating E.T.,AC,"https://medium.com/ibm-watson-data-lab/simulating-e-t-e34f4fa7a4f0","Apache Spark,IBM,Object Storage,Data Science,SETI"
Zero to Kubernetes on the IBM Bluemix Container Service,MW,"https://medium.com/ibm-watson-data-lab/zero-to-kubernetes-on-the-ibm-bluemix-container-service-fd104fd193c1","Kubernetes,Docker,Nodejs,Web Development,DevOps"
PixieDust gets its first community-driven feature in 1.0.4,DT,"https://medium.com/ibm-watson-data-lab/pixiedust-gets-its-first-community-driven-feature-in-1-0-4-b40c622a572e","Data Science,Data Visualization,Pixiedust,Apache Spark,Jupyter"
"Create a serverless, Watson-powered chatbot for your business",GB,"https://medium.com/ibm-watson-data-lab/create-a-serverless-watson-powered-chatbot-for-your-business-4e5c1637ec54","Nodejs,Chatbots,Serverless,Cloudant,Web Development"
"The Most Popular Search Term at SXSW, According to Our Chatbot",MW,"https://medium.com/ibm-watson-data-lab/the-most-popular-search-term-at-sxsw-according-to-our-chatbot-9f4a47a33406","Data Science,Apache Spark,Chatbots,Analytics,Pixiedust"
Eye Candy for Cloudant,VB,"https://medium.com/ibm-watson-data-lab/eye-candy-for-cloudant-201a195ed6c","Data Visualization,Cloudant,Web Development,JavaScript,Couchdb"
Offline Sync for Progressive Web Apps,BH,"https://medium.com/ibm-watson-data-lab/offline-sync-for-progressive-web-apps-ccab6bf6db17","Web Development,Mobile,Offline First,Progressive Web App,Couchdb"
Moving data from DocumentDB to Cloudant or CouchDB,GB,"https://medium.com/ibm-watson-data-lab/moving-data-from-documentdb-to-cloudant-or-couchdb-6c3d16414fc6","Nodejs,Documentdb,Couchdb,Cloudant,Web Development"
Add custom Alexa skills with OpenWhisk and Cloudant,GB,"https://medium.com/ibm-watson-data-lab/add-custom-alexa-skills-with-openwhisk-and-cloudant-4e8aa0c3e525","Amazon Echo,Alexa,Serverless,Openwhisk,Cloudant"
Moving data from DynamoDB to Cloudant or CouchDB,GB,"https://medium.com/ibm-watson-data-lab/moving-data-from-dynamodb-to-cloudant-or-couchdb-4a4110a4e2d9","Nodejs,Dynamodb,Cloudant,Couchdb,Web Development"
SETI Institute Hackathon & Code Challenge,AC,"https://medium.com/ibm-watson-data-lab/seti-institute-hackathon-8acab4ac0603","SETI,Astronomy,Machine Learning,Deep Learning,Spark"
Navigating SXSW via cognitive chatbot,RS,"https://medium.com/ibm-watson-data-lab/navigating-sxsw-via-cognitive-chatbot-28a2e1f7a456","Sxsw Interactive,Cloudant,Chatbots,Cognitive Computing,Nodejs"
Voice of InterConnect,BH,"https://medium.com/ibm-watson-data-lab/voice-of-interconnect-112d5036dabc","Mobile,Web Development,Offline First,Cloud Computing,Cognitive Computing"
InterConnect with us,MB,"https://medium.com/ibm-watson-data-lab/interconnect-with-us-89539e15b515","Ibm Watson,Cloudant,Offline First,Apache Spark"
Analysing Cloudant JSON in RunKit JavaScript Notebooks,GB,"https://medium.com/ibm-watson-data-lab/analysing-cloudant-json-in-runkit-javascript-notebooks-387be1f5500b","JavaScript,Notebooks,Runkit,Cloudant,Data Science"
I Am Not a Data Scientist,BN,"https://medium.com/ibm-watson-data-lab/i-am-not-a-data-scientist-efe7ca6ceba2","Data Science,Python,Data Engineering,Scala,Apache Spark"
PixieDust 1.0 is here!,DT,"https://medium.com/ibm-watson-data-lab/pixiedust-1-0-is-here-15e0f428df88","Data Science,Python,Jupyter Notebook,Pixiedust,Scala"
Offline First FOMO,MM,"https://medium.com/ibm-watson-data-lab/offline-first-fomo-2fcdf9d68956","Offline First,Community,SXSW"
How I used serverless infrastructure to build a large-scale petition system,GB,"https://medium.com/ibm-watson-data-lab/how-i-used-serverless-infrastructure-to-build-a-large-scale-petition-system-2779161c4c68","Serverless,Openwhisk,Web Development,Cloudant,Microservices"
Have you had “The Talk” with your chatbot about graph data structures?,MB,"https://medium.com/ibm-watson-data-lab/have-you-had-the-talk-with-your-chatbot-about-graph-data-structures-30925accd6c9","Chatbots,Cloudant,JavaScript,Database,Cognitive Computing"
Database changes and search indexes that go together like wine & cheese,PT,"https://medium.com/ibm-watson-data-lab/database-changes-and-search-indexes-that-go-together-like-wine-cheese-dd67f08067fe","JavaScript,Couchdb,Cloudant,Search Engines,Web Development"
Let the Build Server cf push,LM,"https://medium.com/ibm-watson-data-lab/let-the-build-server-cf-push-1cb68341b6c4","Deployment,Cloud Foundry,Cloud,Deployment Pipelines,Bluemix"
Installing Web Apps with Electron,GB,"https://medium.com/ibm-watson-data-lab/installing-web-apps-with-electron-7a8fa1b12744","JavaScript,Nodejs,Tutorial,Progressive Web App,Electron"
Blogging without the hosting,ME,"https://medium.com/ibm-watson-data-lab/blogging-without-the-hosting-1b792fdda8f7","MySQL,Database,WordPress,Blogging,Web Hosting"
"Environment variables, or keeping your secrets secret in a Node.js app",GB,"https://medium.com/ibm-watson-data-lab/environment-variables-or-keeping-your-secrets-secret-in-a-node-js-app-99019dfff716","Nodejs,JavaScript"
Baby’s first IBM Graph app using Node.js,PT,"https://medium.com/ibm-watson-data-lab/babys-first-ibm-graph-app-using-node-js-725ea84a4ff9","Nodejs,Graph Database,Database,NoSQL,NPM"
"Web application state, à la Dogfight (1983)",GB,"https://medium.com/ibm-watson-data-lab/web-application-state-%C3%A0-la-dogfight-1983-641653c5cb3d","JavaScript,Nodejs,Web Development,Rethinkdb,Database"
"Building the Offline First community, one campfire at a time",TC,"https://medium.com/ibm-watson-data-lab/building-the-offline-first-community-one-campfire-at-a-time-8349ccd3c4ab","Offline First,Community,Web Development,Couchdb"
Handling Failure Successfully in RabbitMQ,LM,"https://medium.com/ibm-watson-data-lab/handling-failure-successfully-in-rabbitmq-22ffa982b60f","Rabbitmq,Python,Message Queue,Microservices,Web Development"
Accessing IBM Graph from Java,PT,"https://medium.com/ibm-watson-data-lab/accessing-ibm-graph-from-java-1e9c85401607","Java,Graph Database,Software Development,Rest Api"
Cloudant and Node.js Made Simple with the silverlining Library,GB,"https://medium.com/ibm-watson-data-lab/cloudant-and-node-js-made-simple-with-the-silverlining-library-7deb7601448c","JavaScript,Nodejs,Cloudant,Database,Web Development"
Create a Custom Domain for Cloudant Using Cloudflare,GB,"https://medium.com/ibm-watson-data-lab/create-a-custom-domain-for-cloudant-using-cloudflare-e32f11b33967","Cloudant,Cloudflare,Proxy,DNS,Bluemix"
Build Scalable Webhooks with a Queue and Workers Setup,LM,"https://medium.com/ibm-watson-data-lab/build-scalable-webhooks-with-a-queue-and-workers-setup-3b2cbc228220","Webhooks,JavaScript,Rabbitmq,Web Development,Couchdb"
Session Recap: Save the World with Offline First,MM,"https://medium.com/ibm-watson-data-lab/session-recap-save-the-world-with-offline-first-e99f72d010a","Offline First,Offline Camp,Community"
Realtime Infrastucture Made Simple,MC,"https://medium.com/ibm-watson-data-lab/realtime-infrastucture-made-simple-e66a6e96a59d","JavaScript,Nodejs,Push Notification,Web Development,Rethinkdb"
Deploy Your PHP Application to Bluemix,LM,"https://medium.com/ibm-watson-data-lab/deploy-your-php-application-to-bluemix-a7553fddf412","Bluemix,Deployment,PHP,Cloud Computing,Web Development"
Real-Time Sentiment Analysis of Twitter Hashtags with Spark,DT,"https://medium.com/ibm-watson-data-lab/real-time-sentiment-analysis-of-twitter-hashtags-with-spark-7ee6ca5c1585","Python,Apache Spark,Scala,Data Science,Pixiedust"
FlightPredict II: The Sequel,VB,"https://medium.com/ibm-watson-data-lab/flightpredict-ii-the-sequel-fb613afd6e91","Machine Learning,Python,Pixiedust,Apache Spark,Cognitive Computing"
"Authentication for Cloudant Envoy Apps, Part III",GB,"https://medium.com/ibm-watson-data-lab/authentication-for-cloudant-envoy-apps-part-iii-ea1d53246924","JavaScript,Passportjs,Pouchdb,Database,Web Development"
"Authentication for Cloudant Envoy Apps, Part II",GB,"https://medium.com/ibm-watson-data-lab/authentication-for-cloudant-envoy-apps-part-two-7b04657d29e3","JavaScript,Offline First,Pouchdb,Database,Web Development"
Simple Service Registry,MC,"https://medium.com/ibm-watson-data-lab/simple-service-registry-4550aee5a869","Microservices,Configuration Management,JavaScript,Database,Web Development"
"Authentication for Cloudant Envoy Apps, Part I",GB,"https://medium.com/ibm-watson-data-lab/authentication-for-cloudant-envoy-apps-part-one-e6dba285b0d1","JavaScript,Pouchdb,Passportjs,Database,Web Development"
Hi! We’re new here,BN,"https://medium.com/ibm-watson-data-lab/hi-were-new-here-19ae61cdb5e4","Ibm Watson,IBM"
Persisting Data for a Smarter Chatbot,MW,"https://medium.com/ibm-watson-data-lab/persisting-data-for-a-smarter-chatbot-be599480f7b2","Chatbots,Database,NLP,Web Development,Cognitive Computing"
