title,publication_month,views,reads,read_ratio,fans
Sharing non-public data in Jupyter notebooks,2017-05,258,159,62,10
Offline and radioactively clean,2017-05,141,87,62,2
Mapping All the Things with Python,2017-05,616,361,59,17
Citizen Scientist sees “Death Star” in SETI data set,2017-05,790,436,55,6
Offline First: What’s in a name?,2017-05,225,85,38,12
Diff your databases with couchdiff,2017-05,143,89,62,6
Simple data visualization in Apache CouchDB™,2017-05,607,292,48,7
PouchDB: the Swiss Army Knife of databases,2017-05,635,389,61,10
Share the (PixieDust) Magic,2017-05,153,67,44,11
You Too Can Make Magic (in Jupyter Notebooks with PixieDust),2017-04,1400,492,35,7
Bridging the Gap Between Python and Scala Jupyter Notebooks,2017-04,468,230,49,9
Simulating E.T.,2017-04,369,118,32,12
Zero to Kubernetes on the IBM Bluemix Container Service,2017-04,1300,430,31,15
PixieDust gets its first community-driven feature in 1.0.4,2017-04,282,122,43,15
"Create a serverless, Watson-powered chatbot for your business",2017-04,1100,638,57,7
"The Most Popular Search Term at SXSW, According to Our Chatbot",2017-04,300,121,40,9
Eye Candy for Cloudant,2017-04,173,103,60,5
Offline Sync for Progressive Web Apps,2017-04,2900,1300,45,55
Moving data from DocumentDB to Cloudant or CouchDB,2017-03,156,100,64,5
Add custom Alexa skills with OpenWhisk and Cloudant,2017-03,228,101,44,9
Moving data from DynamoDB to Cloudant or CouchDB,2017-03,307,173,56,4
SETI Institute Hackathon & Code Challenge,2017-03,312,196,63,7
Navigating SXSW via cognitive chatbot,2017-03,200,139,70,4
Voice of InterConnect,2017-03,349,185,53,6
InterConnect with us,2017-03,113,40,35,7
Analysing Cloudant JSON in RunKit JavaScript Notebooks,2017-03,151,72,48,7
I Am Not a Data Scientist,2017-03,3000,1600,53,36
PixieDust 1.0 is here!,2017-03,1700,689,39,29
Offline First FOMO,2017-03,199,95,48,9
How I used serverless infrastructure to build a large-scale petition system,2017-02,415,159,38,11
Have you had “The Talk” with your chatbot about graph data structures?,2017-02,183,132,72,5
Database changes and search indexes that go together like wine & cheese,2017-02,105,53,50,4
Let the Build Server cf push,2017-02,152,68,45,4
Installing Web Apps with Electron,2017-02,351,232,66,4
Blogging without the hosting,2017-02,132,106,80,7
"Environment variables, or keeping your secrets secret in a Node.js app",2017-02,484,341,70,5
Baby’s first IBM Graph app using Node.js,2017-02,522,371,71,5
"Web application state, à la Dogfight (1983)",2017-02,80,42,53,5
"Building the Offline First community, one campfire at a time",2017-02,165,52,32,6
Handling Failure Successfully in RabbitMQ,2017-01,1700,868,50,11
Accessing IBM Graph from Java,2017-01,265,166,63,3
Cloudant and Node.js Made Simple with the silverlining Library,2017-01,515,222,43,10
Create a Custom Domain for Cloudant Using Cloudflare,2017-01,181,95,52,3
Build Scalable Webhooks with a Queue and Workers Setup,2017-01,777,382,49,13
Session Recap: Save the World with Offline First,2017-01,37,26,70,4
Realtime Infrastucture Made Simple,2017-01,84,20,24,8
Deploy Your PHP Application to Bluemix,2016-12,534,223,42,7
Real-Time Sentiment Analysis of Twitter Hashtags with Spark,2016-12,3000,995,33,11
FlightPredict II: The Sequel,2016-12,1100,487,43,10
"Authentication for Cloudant Envoy Apps, Part III",2016-12,128,53,41,1
"Authentication for Cloudant Envoy Apps, Part II",2016-12,169,106,63,0
Simple Service Registry,2016-12,235,60,26,6
"Authentication for Cloudant Envoy Apps, Part I",2016-12,579,199,34,7
Hi! We’re new here,2016-12,104,86,83,6
Persisting Data for a Smarter Chatbot,2016-12,2000,673,33,13
